<?xml version="1.0"?>
<config xmlns:xsi="http://www.w3.org/2001/XMLSchema-instance" xsi:noNamespaceSchemaLocation="urn:magento:module:Magento_Config:etc/system_file.xsd">
	<system>
		<tab id="magekmf_ccavenue_tab" translate="label" sortOrder="500">
            <label>Keep Moving Forward</label>
        </tab>
        <section id="magekmf" translate="label" type="text" sortOrder="100" showInDefault="1" showInWebsite="1" showInStore="1">
            <label>CCAvenue Payment Method</label>
            <tab>magekmf_ccavenue_tab</tab>
            <resource>Magekmf_Ccavenue::Ccavenue</resource>
            <group id="ccavenue" translate="label" type="text" sortOrder="10" showInDefault="1" showInWebsite="1" showInStore="1">
                <label>CCAvenue Payment Method</label>
                <field id="active" translate="label" type="select" sortOrder="10" showInDefault="1" showInWebsite="1" showInStore="1">
                    <label>Enable</label>
                    <source_model>Magento\Config\Model\Config\Source\Yesno</source_model>
                </field>
                <field id="title" translate="label" type="text" sortOrder="10" showInDefault="1" showInWebsite="1" showInStore="1">
                    <label>Title</label>
                </field>
                <field id="merchant_id" translate="label" type="text" sortOrder="10" showInDefault="1" showInWebsite="1" showInStore="1">
                    <label>Merchant ID</label>
                </field>
                <field id="access_code" translate="label" type="text" sortOrder="10" showInDefault="1" showInWebsite="1" showInStore="1">
                    <label>Access Code</label>
                </field>
                <field id="encryption_key" translate="label" type="text" sortOrder="10" showInDefault="1" showInWebsite="1" showInStore="1">
                    <label>Encryption Key</label>
                </field>
                <field id="order_status" showInDefault="1" showInStore="1" showInWebsite="1" sortOrder="30" translate="label" type="select">
                    <label>New Order Status</label>
                    <source_model>Magento\Sales\Model\Config\Source\Order\Status\NewStatus</source_model>
                </field>
                <field id="allowspecific" showInDefault="1" showInStore="1" showInWebsite="1" sortOrder="40" translate="label" type="allowspecific">
                    <label>Payment from Applicable Countries</label>
                    <source_model>Magento\Payment\Model\Config\Source\Allspecificcountries</source_model>
                </field>
                <field id="specificcountry" showInDefault="1" showInStore="1" showInWebsite="1" sortOrder="50" translate="label" type="multiselect">
                    <label>Payment from Applicable Countries</label>
                    <source_model>Magento\Directory\Model\Config\Source\Country</source_model>
                    <can_be_empty>1</can_be_empty>
                </field>
            </group>
       	</section>
	</system>
</config>