<?xml version="1.0" ?>
<config xmlns:xsi="http://www.w3.org/2001/XMLSchema-instance" xsi:noNamespaceSchemaLocation="urn:magento:framework:ObjectManager/etc/config.xsd">
	<virtualType name="Prince\PincodeChecker\Model\ResourceModel\Pincodechecker\Grid\Collection" type="Magento\Framework\View\Element\UiComponent\DataProvider\SearchResult">
		<arguments>
			<argument name="mainTable" xsi:type="string">prince_pincodechecker</argument>
			<argument name="resourceModel" xsi:type="string">Prince\PincodeChecker\Model\ResourceModel\Pincodechecker\Collection</argument>
		</arguments>
	</virtualType>
	<type name="Magento\Checkout\Model\Cart">
    	<plugin name="pincodeChecker" type="Prince\PincodeChecker\Plugin\PincodeChecker" sortOrder="1" disabled="false" />
 	</type>
	<type name="Magento\Framework\View\Element\UiComponent\DataProvider\CollectionFactory">
		<arguments>
			<argument name="collections" xsi:type="array">
				<item name="prince_pincodechecker_grid_data_source" xsi:type="string">Prince\PincodeChecker\Model\ResourceModel\Pincodechecker\Grid\Collection</item>
			</argument>
		</arguments>
	</type>
</config>


