<?xml version="1.0"?>
<!--
/**
 * Solwin Infotech
 * Solwin Instagram Extension
 * 
 * @category   Solwin
 * @package    Solwin_Instagram
 * @copyright  Copyright © 2006-2016 Solwin (https://www.solwininfotech.com)
 * @license    https://www.solwininfotech.com/magento-extension-license/
 */
-->
<config xmlns:xsi="http://www.w3.org/2001/XMLSchema-instance" xsi:noNamespaceSchemaLocation="../../../Config/etc/system_file.xsd">
    <system>
        <section id="instagramsection" translate="label" type="text" sortOrder="90" showInDefault="1" showInWebsite="1" showInStore="1">
            <label>Instagram</label>
            <tab>solwin_extension_tab</tab>
            <resource>Solwin_Instagram::instagram_config</resource>
            <group id="instagramgroup" translate="label" type="select" sortOrder="15" showInDefault="1" showInWebsite="1" showInStore="1">
                <label>General</label>
                <field id="active" translate="label" type="select" sortOrder="5" showInDefault="1" showInWebsite="1" showInStore="1">
                    <label>Enable </label>
                    <source_model>Magento\Config\Model\Config\Source\Yesno</source_model>
                    <comment>Select Yes to enable module on frontend.</comment>
                </field>
                <field id="userid" translate="label comment" type="text" sortOrder="10" showInDefault="1" showInWebsite="1" showInStore="1">
                    <label>User Id</label>
                    <comment><![CDATA[set User Id]]></comment>
                    <depends>
                        <field id="active">1</field>
                    </depends>
                    <validate>required-entry</validate>   
                </field>
                <field id="accesstoken" translate="label comment" type="text" sortOrder="15" showInDefault="1" showInWebsite="1" showInStore="1">
                    <label>Access Token</label>
                    <comment><![CDATA[set Instagram Access Token]]></comment>
                    <depends>
                        <field id="active">1</field>
                    </depends>
                    <validate>required-entry</validate>  
                </field>
            </group>
        </section>
    </system>
</config>
